student_id,audit_status
STU-5008,conferral_pending
STU-5007,requirement_waived
STU-2258,degree_conferred
STU-5013,conferral_pending
STU-2227,requirement_waived
STU-2226,requirement_waived
STU-2231,conferral_pending
STU-2264,degree_conferred
STU-2278,degree_conferred
STU-2236,record_sealed
STU-2266,grade_appeal_pending
STU-5012,requirement_waived
STU-5001,conferral_pending
STU-2269,grade_appeal_pending
STU-2200,record_sealed
STU-2274,record_sealed
STU-2221,record_sealed
STU-2251,conferral_pending
STU-2224,academic_hold
STU-5014,degree_conferred
STU-5003,requirement_waived
STU-2228,record_sealed
STU-2260,requirement_waived
STU-2213,conferral_pending
STU-2212,academic_hold
STU-2206,requirement_waived
STU-2222,record_sealed
STU-5004,conferral_pending
STU-2279,conferral_pending
STU-5002,degree_conferred
STU-2254,record_sealed
STU-5006,degree_conferred
STU-2265,record_sealed
STU-2277,degree_conferred
STU-2205,academic_hold
STU-5016,degree_conferred
STU-2211,requirement_waived
STU-2252,requirement_waived
STU-2275,conferral_pending
STU-2271,record_sealed
STU-2234,conferral_pending
STU-2210,record_sealed
STU-2245,conferral_pending
STU-2241,academic_hold
STU-2214,academic_hold
STU-5010,degree_conferred
STU-2203,degree_conferred
STU-5011,degree_conferred
STU-2232,degree_conferred
STU-2273,record_sealed
STU-2216,grade_appeal_pending
STU-2268,requirement_waived
STU-2237,requirement_waived
STU-2240,conferral_pending
STU-2202,requirement_waived
STU-2248,record_sealed
STU-2244,record_sealed
STU-5015,requirement_waived
STU-2207,conferral_pending
STU-2235,grade_appeal_pending
STU-2204,degree_conferred
STU-2217,grade_appeal_pending
STU-2209,grade_appeal_pending
STU-5005,conferral_pending
STU-2229,conferral_pending